"last_name, first_name","player_id","year","p_game","batting_avg","p_era","exit_velocity_avg"
"Colon, Bartolo",112526,2015,"33",".281","4.16","88.9"
"Burnett, A.J.",150359,2015,"26",".275","3.18","89.8"
"Hudson, Tim",218596,2015,"24",".282","4.44","90.3"
"Buehrle, Mark",279824,2015,"32",".279","3.81","87"
"Sabathia, CC",282332,2015,"29",".285","4.73","87.8"
"Vogelsong, Ryan",285064,2015,"33",".265","4.67","88.7"
"Dickey, R.A.",285079,2015,"33",".244","3.91","87.4"
"Lohse, Kyle",346798,2015,"37",".297","5.85","88.2"
"Lackey, John",407793,2015,"33",".256","2.77","88.3"
"De La Rosa, Jorge",407822,2015,"26",".247","4.17","86.6"
"Lewis, Colby",407890,2015,"33",".266","4.66","89.4"
"Harang, Aaron",421685,2015,"29",".278","4.86","90.2"
"Guthrie, Jeremy",425386,2015,"30",".310","5.95","89"
"Williams, Jerome",425532,2015,"33",".317","5.80","88.9"
"Greinke, Zack",425844,2015,"32",".187","1.66","87.3"
"Haren, Dan",429717,2015,"32",".245","3.60","88.2"
"Simon, Alfredo",430580,2015,"31",".276","5.05","89.7"
"Hamels, Cole",430935,2015,"32",".237","3.65","87.7"
"Kazmir, Scott",431148,2015,"31",".237","3.10","87.4"
"Danks, John",433579,2015,"30",".281","4.71","87.3"
"Hernández, Félix",433587,2015,"31",".240","3.53","88.7"
"Verlander, Justin",434378,2015,"20",".229","3.38","87.1"
"Liriano, Francisco",434538,2015,"31",".223","3.38","85.8"
"Jiménez, Ubaldo",434622,2015,"32",".257","4.11","87.8"
"Hammel, Jason",434628,2015,"31",".242","3.74","88.8"
"Sánchez, Aníbal",434671,2015,"25",".252","4.99","87.6"
"Chavez, Jesse",445926,2015,"30",".268","4.18","88.5"
"Kluber, Corey",446372,2015,"32",".231","3.49","87.9"
"Shields, James",448306,2015,"33",".248","3.91","89.1"
"García, Jaime",448802,2015,"20",".225","2.43","87.4"
"Volquez, Edinson",450172,2015,"34",".251","3.55","88.5"
"Morton, Charlie",450203,2015,"23",".271","4.81","89.2"
"Weaver, Jered",450308,2015,"26",".264","4.64","86.9"
"Wilson, C.J.",450351,2015,"21",".240","3.89","90.1"
"Gallardo, Yovani",451596,2015,"33",".268","3.42","88.2"
"Lester, Jon",452657,2015,"32",".240","3.34","87.1"
"Kendrick, Kyle",452718,2015,"27",".302","6.32","89.3"
"Kennedy, Ian",453178,2015,"30",".258","4.28","89.5"
"Scherzer, Max",453286,2015,"33",".208","2.79","87.1"
"Arrieta, Jake",453562,2015,"33",".185","1.77","85.1"
"Price, David",456034,2015,"32",".230","2.45","87.4"
"González, Miguel",456068,2015,"26",".270","4.91","89.1"
"Cueto, Johnny",456501,2015,"32",".242","3.44","86.7"
"Happ, J.A.",457918,2015,"32",".259","3.61","89.4"
"Lynn, Lance",458681,2015,"31",".258","3.03","88.9"
"Pelfrey, Mike",460059,2015,"30",".304","4.26","88.3"
"Gonzalez, Gio",461829,2015,"31",".269","3.79","88.1"
"Hughes, Phil",461833,2015,"27",".293","4.40","89.8"
"Estrada, Marco",462136,2015,"34",".203","3.13","87.8"
"Carrasco, Carlos",471911,2015,"30",".228","3.63","88.7"
"Anderson, Brett",474463,2015,"31",".278","3.69","88.3"
"Ross, Tyson",475115,2015,"33",".237","3.26","87.4"
"Hellickson, Jeremy",476451,2015,"27",".264","4.62","90.1"
"Warren, Adam",476589,2015,"43",".236","3.29","87.5"
"Niese, Jonathon",477003,2015,"33",".280","4.13","88.4"
"Kershaw, Clayton",477132,2015,"33",".194","2.13","85.6"
"Cashner, Andrew",488768,2015,"31",".279","4.34","88.8"
"Miley, Wade",489119,2015,"32",".265","4.46","87.4"
"Garza, Matt",490063,2015,"26",".294","5.63","88"
"Quintana, Jose",500779,2015,"32",".272","3.36","88"
"Pineda, Michael",501381,2015,"27",".278","4.37","87.9"
"Tillman, Chris",501957,2015,"31",".267","4.99","89.6"
"Karns, Nate",501992,2015,"27",".239","3.67","88.9"
"Archer, Chris",502042,2015,"34",".220","3.23","89.6"
"Gibson, Kyle",502043,2015,"32",".252","3.84","88.3"
"Locke, Jeff",502046,2015,"30",".274","4.49","87.4"
"Samardzija, Jeff",502188,2015,"32",".273","4.96","88.1"
"Leake, Mike",502190,2015,"30",".243","3.70","88.8"
"Santiago, Héctor",502327,2015,"33",".227","3.59","88.9"
"Anderson, Chase",502624,2015,"27",".272","4.30","88.4"
"Salazar, Danny",517593,2015,"30",".226","3.45","89.6"
"Bettis, Chad",518452,2015,"20",".268","4.23","88.2"
"Bumgarner, Madison",518516,2015,"32",".222","2.93","87.5"
"Duffy, Danny",518633,2015,"30",".264","4.08","88.8"
"Harvey, Matt",518774,2015,"29",".222","2.71","87.9"
"Heston, Chris",518790,2015,"31",".253","3.95","88.5"
"Nelson, Jimmy",519076,2015,"30",".246","4.11","87"
"Porcello, Rick",519144,2015,"28",".287","4.92","88.9"
"Sale, Chris",519242,2015,"31",".233","3.41","85.9"
"Zimmermann, Jordan",519455,2015,"33",".264","3.66","87.4"
"Kelly, Joe",523260,2015,"25",".276","4.82","89.3"
"De La Rosa, Rubby",523989,2015,"32",".265","4.67","88.5"
"Teheran, Julio",527054,2015,"33",".253","4.04","89.1"
"Shoemaker, Matt",533167,2015,"25",".259","4.46","87.7"
"Ramírez, Erasmo",541640,2015,"34",".236","3.75","88.5"
"Cole, Gerrit",543037,2015,"32",".239","2.60","88.2"
"DeSclafani, Anthony",543101,2015,"31",".273","4.05","88.5"
"Eovaldi, Nathan",543135,2015,"27",".285","4.20","88.5"
"Gray, Sonny",543243,2015,"31",".217","2.73","88.9"
"Hendricks, Kyle",543294,2015,"32",".244","3.95","88"
"Koehler, Tom",543408,2015,"32",".255","4.08","89.7"
"McHugh, Collin",543521,2015,"32",".263","3.89","86.1"
"Milone, Tommy",543548,2015,"24",".260","3.92","87"
"Odorizzi, Jake",543606,2015,"28",".231","3.35","88.5"
"Rusin, Chris",543734,2015,"24",".310","5.33","88.1"
"Strasburg, Stephen",544931,2015,"23",".236","3.46","88.5"
"Bauer, Trevor",545333,2015,"31",".232","4.55","88.1"
"Lorenzen, Michael",547179,2015,"27",".292","5.40","89"
"Iwakuma, Hisashi",547874,2015,"20",".240","3.54","88.5"
"Tanaka, Masahiro",547888,2015,"24",".221","3.51","89.3"
"Pérez, Williams",554234,2015,"23",".291","4.78","90.1"
"Ventura, Yordano",570649,2015,"28",".248","4.08","89.1"
"Fiers, Mike",571666,2015,"31",".238","3.69","87.9"
"Hutchison, Drew",571800,2015,"30",".297","5.57","88.5"
"Miller, Shelby",571946,2015,"33",".238","3.02","87.2"
"Richards, Garrett",572070,2015,"32",".236","3.65","87.3"
"Keuchel, Dallas",572971,2015,"33",".217","2.48","85.7"
"Ray, Robbie",592662,2015,"23",".255","3.52","89.7"
"Syndergaard, Noah",592789,2015,"24",".225","3.24","86.2"
"Walker, Taijuan",592836,2015,"29",".252","4.56","89.4"
"Martinez, Carlos",593372,2015,"31",".250","3.01","87.2"
"Rodriguez, Eduardo",593958,2015,"21",".255","3.85","87.5"
"deGrom, Jacob",594798,2015,"30",".215","2.54","87.4"
"Rodón, Carlos",607074,2015,"26",".251","3.75","89.1"
"Martinez, Nick",607259,2015,"24",".274","3.96","88.8"
"Wacha, Michael",608379,2015,"30",".236","3.38","87.6"
"Graveman, Kendall",608665,2015,"21",".276","4.05","89.5"
"Chen, Wei-Yin",612672,2015,"31",".262","3.34","87.2"
"McCullers Jr., Lance",621121,2015,"22",".226","3.22","88.5"
"Wood, Alex",622072,2015,"32",".275","3.84","88.2"
"Despaigne, Odrisamer",628333,2015,"34",".287","5.80","87.2"
"Colon, Bartolo",112526,2016,"34",".268","3.43","90"
"Sabathia, CC",282332,2016,"30",".250","3.91","85.1"
"Dickey, R.A.",285079,2016,"30",".258","4.46","87.6"
"Lackey, John",407793,2016,"29",".218","3.35","89.7"
"De La Rosa, Jorge",407822,2016,"27",".293","5.51","88.9"
"Peavy, Jake",408241,2016,"31",".282","5.54","89.8"
"Wainwright, Adam",425794,2016,"33",".287","4.62","86.9"
"Greinke, Zack",425844,2016,"26",".262","4.37","87.9"
"Santana, Ervin",429722,2016,"30",".245","3.38","88.3"
"Hamels, Cole",430935,2016,"32",".243","3.32","87.6"
"Kazmir, Scott",431148,2016,"26",".253","4.56","85.9"
"Hernández, Félix",433587,2016,"25",".239","3.82","88.9"
"Verlander, Justin",434378,2016,"34",".207","3.04","87.9"
"Liriano, Francisco",434538,2016,"31",".252","4.69","88.4"
"Jiménez, Ubaldo",434622,2016,"29",".268","5.44","88.5"
"Hammel, Jason",434628,2016,"30",".239","3.83","90"
"Sánchez, Aníbal",434671,2016,"35",".285","5.87","88.6"
"Nolasco, Ricky",445060,2016,"32",".267","4.42","88.7"
"Kluber, Corey",446372,2016,"32",".216","3.14","86.7"
"Shields, James",448306,2016,"33",".288","5.85","88.7"
"García, Jaime",448802,2016,"32",".268","4.67","88.7"
"Volquez, Edinson",450172,2016,"34",".286","5.37","88.9"
"Weaver, Jered",450308,2016,"31",".297","5.06","88.2"
"Fister, Doug",450729,2016,"32",".276","4.64","87.5"
"Gallardo, Yovani",451596,2016,"23",".276","5.42","89"
"Lester, Jon",452657,2016,"32",".211","2.44","87.4"
"Kennedy, Ian",453178,2016,"33",".236","3.68","89.3"
"Wright, Steven",453214,2016,"24",".235","3.33","86.9"
"Scherzer, Max",453286,2016,"34",".199","2.96","87.2"
"Buchholz, Clay",453329,2016,"37",".250","4.78","88.2"
"Arrieta, Jake",453562,2016,"31",".194","3.10","86.7"
"Price, David",456034,2016,"35",".258","3.99","87.8"
"González, Miguel",456068,2016,"24",".254","3.73","87.6"
"Griffin, A.J.",456167,2016,"23",".256","5.07","89.2"
"Cueto, Johnny",456501,2016,"32",".238","2.79","87.8"
"Happ, J.A.",457918,2016,"32",".231","3.18","89.5"
"Tomlin, Josh",458708,2016,"30",".269","4.40","87.9"
"Pelfrey, Mike",460059,2016,"24",".332","5.07","89"
"Gonzalez, Gio",461829,2016,"32",".262","4.57","88.7"
"Estrada, Marco",462136,2016,"29",".203","3.48","88.1"
"Nova, Iván",467100,2016,"32",".275","4.17","90.7"
"Chacín, Jhoulys",468504,2016,"34",".272","4.81","88.9"
"Carrasco, Carlos",471911,2016,"25",".240","3.32","89.5"
"Hellickson, Jeremy",476451,2016,"32",".243","3.71","87.6"
"Niese, Jonathon",477003,2016,"29",".297","5.50","89.4"
"Kershaw, Clayton",477132,2016,"21",".184","1.69","86.9"
"Cashner, Andrew",488768,2016,"28",".279","5.25","90.8"
"Miley, Wade",489119,2016,"30",".288","5.37","89"
"Quintana, Jose",500779,2016,"32",".246","3.20","88.2"
"Pineda, Michael",501381,2016,"32",".266","4.82","89.8"
"Tillman, Chris",501957,2016,"30",".244","3.77","89"
"Archer, Chris",502042,2016,"33",".238","4.02","90.2"
"Gibson, Kyle",502043,2016,"25",".298","5.07","88.4"
"Locke, Jeff",502046,2016,"30",".298","5.44","89"
"Samardzija, Jeff",502188,2016,"32",".249","3.81","88.7"
"Leake, Mike",502190,2016,"30",".288","4.69","89"
"Santiago, Héctor",502327,2016,"33",".245","4.70","89.7"
"Anderson, Chase",502624,2016,"31",".266","4.39","88.1"
"Peralta, Wily",503449,2016,"23",".305","4.86","89.2"
"Nicasio, Juan",504379,2016,"52",".261","4.50","88.5"
"Salazar, Danny",517593,2016,"25",".235","3.87","91.3"
"Bettis, Chad",518452,2016,"32",".278","4.79","88.7"
"Bumgarner, Madison",518516,2016,"34",".213","2.74","88.5"
"Duffy, Danny",518633,2016,"42",".241","3.51","89.5"
"Gee, Dillon",518716,2016,"33",".291","4.68","87.1"
"Moore, Matt",519043,2016,"33",".245","4.08","88.8"
"Nelson, Jimmy",519076,2016,"32",".268","4.62","88.8"
"Pomeranz, Drew",519141,2016,"31",".217","3.32","88.1"
"Porcello, Rick",519144,2016,"33",".230","3.15","88.4"
"Sale, Chris",519242,2016,"32",".227","3.34","88.7"
"Pérez, Martín",527048,2016,"33",".270","4.39","89.6"
"Teheran, Julio",527054,2016,"30",".223","3.21","88.8"
"Shoemaker, Matt",533167,2016,"27",".266","3.88","87.8"
"Andriese, Matt",542882,2016,"29",".265","4.37","91.1"
"Chatwood, Tyler",543022,2016,"27",".250","3.87","87.7"
"Cole, Gerrit",543037,2016,"21",".289","3.88","87.7"
"Conley, Adam",543045,2016,"25",".250","3.85","87.9"
"DeSclafani, Anthony",543101,2016,"20",".259","3.28","88.8"
"Eovaldi, Nathan",543135,2016,"24",".255","4.76","89.8"
"Friedrich, Christian",543184,2016,"24",".259","4.80","88.4"
"Gray, Sonny",543243,2016,"22",".286","5.69","90.2"
"Hendricks, Kyle",543294,2016,"31",".207","2.13","86.6"
"Koehler, Tom",543408,2016,"33",".261","4.33","87.8"
"McHugh, Collin",543521,2016,"33",".282","4.34","87"
"Odorizzi, Jake",543606,2016,"33",".241","3.69","89.9"
"Roark, Tanner",543699,2016,"34",".228","2.83","87.4"
"Strasburg, Stephen",544931,2016,"24",".218","3.60","87.7"
"Bauer, Trevor",545333,2016,"35",".248","4.26","89.6"
"Iwakuma, Hisashi",547874,2016,"33",".282","4.12","88.7"
"Tanaka, Masahiro",547888,2016,"31",".236","3.07","88.9"
"Ventura, Yordano",570649,2016,"32",".263","4.45","89.8"
"Corbin, Patrick",571578,2016,"36",".286","5.15","89.9"
"Fiers, Mike",571666,2016,"31",".280","4.48","89.8"
"Matz, Steven",571927,2016,"22",".257","3.40","88.7"
"Paxton, James",572020,2016,"20",".279","3.79","90.4"
"Keuchel, Dallas",572971,2016,"26",".259","4.55","88.4"
"Straily, Dan",573185,2016,"34",".220","3.76","88.9"
"Stroman, Marcus",573186,2016,"32",".264","4.37","90.4"
"Foltynewicz, Mike",592314,2016,"22",".263","4.31","88.6"
"Gausman, Kevin",592332,2016,"30",".262","3.61","88.7"
"Gray, Jon",592351,2016,"29",".243","4.61","88.2"
"Ray, Robbie",592662,2016,"32",".267","4.90","89.9"
"Sanchez, Aaron",592717,2016,"30",".224","3.00","90"
"Smyly, Drew",592767,2016,"30",".259","4.88","87.8"
"Syndergaard, Noah",592789,2016,"31",".243","2.60","87.6"
"Velasquez, Vince",592826,2016,"24",".263","4.12","88.6"
"Walker, Taijuan",592836,2016,"25",".247","4.22","89.4"
"Martinez, Carlos",593372,2016,"31",".233","3.04","87.2"
"deGrom, Jacob",594798,2016,"24",".255","3.04","88.4"
"Eickhoff, Jerad",595191,2016,"33",".251","3.65","88.6"
"Bradley, Archie",605151,2016,"26",".276","5.02","89.6"
"Davies, Zach",605200,2016,"28",".263","3.97","87.6"
"Fernández, José",605228,2016,"29",".224","2.86","89.2"
"Finnegan, Brandon",605232,2016,"31",".236","3.98","88.3"
"Fulmer, Michael",605242,2016,"26",".231","3.06","88.1"
"Morgan, Adam",605388,2016,"23",".303","6.04","89.6"
"Wisler, Matt",605538,2016,"27",".259","5.00","89.4"
"Perdomo, Luis",606131,2016,"35",".310","5.71","90"
"Rodón, Carlos",607074,2016,"28",".273","4.04","88.9"
"Wacha, Michael",608379,2016,"27",".289","5.09","88.1"
"Duffey, Tyler",608648,2016,"26",".301","6.43","90.2"
"Graveman, Kendall",608665,2016,"31",".271","4.11","89.6"
"Chen, Wei-Yin",612672,2016,"22",".276","4.96","89.7"
"Maeda, Kenta",628317,2016,"32",".229","3.48","85.7"
"Manaea, Sean",640455,2016,"25",".248","3.86","89.9"
"Colon, Bartolo",112526,2017,"28",".318","6.48","88.8"
"Sabathia, CC",282332,2017,"27",".246","3.69","85"
"Dickey, R.A.",285079,2017,"31",".266","4.26","86.2"
"Lackey, John",407793,2017,"31",".252","4.59","88.2"
"Wainwright, Adam",425794,2017,"24",".286","5.11","86.7"
"Greinke, Zack",425844,2017,"32",".230","3.20","87.4"
"Santana, Ervin",429722,2017,"33",".225","3.28","86"
"Cain, Matt",430912,2017,"27",".310","5.43","88.5"
"Hamels, Cole",430935,2017,"24",".228","4.20","87.9"
"Verlander, Justin",434378,2017,"33",".221","3.36","87.6"
"Jiménez, Ubaldo",434622,2017,"31",".291","6.81","89.3"
"Hammel, Jason",434628,2017,"32",".284","5.29","88.2"
"Nolasco, Ricky",445060,2017,"33",".286","4.92","90"
"Chavez, Jesse",445926,2017,"38",".276","5.35","88.9"
"Kluber, Corey",446372,2017,"29",".193","2.25","85.3"
"Hill, Rich",448179,2017,"25",".203","3.32","86"
"Shields, James",448306,2017,"21",".253","5.23","87.7"
"García, Jaime",448802,2017,"27",".261","4.41","87.2"
"Morton, Charlie",450203,2017,"25",".228","3.62","85.4"
"Vargas, Jason",450306,2017,"32",".264","4.16","87.1"
"Gallardo, Yovani",451596,2017,"28",".271","5.72","88.3"
"Lester, Jon",452657,2017,"32",".259","4.33","86.4"
"Kennedy, Ian",453178,2017,"30",".246","5.38","89.5"
"Scherzer, Max",453286,2017,"31",".178","2.51","86.5"
"Richard, Clayton",453385,2017,"32",".308","4.79","87.4"
"Arrieta, Jake",453562,2017,"30",".235","3.53","87.4"
"González, Miguel",456068,2017,"27",".271","4.62","88.3"
"Cueto, Johnny",456501,2017,"25",".277","4.52","88.2"
"Happ, J.A.",457918,2017,"25",".252","3.53","85.9"
"Lynn, Lance",458681,2017,"33",".223","3.43","86.6"
"Tomlin, Josh",458708,2017,"26",".294","4.98","88.5"
"Pelfrey, Mike",460059,2017,"34",".270","5.93","87.8"
"Gonzalez, Gio",461829,2017,"32",".216","2.96","86.1"
"Estrada, Marco",462136,2017,"33",".256","4.98","87"
"Nova, Iván",467100,2017,"31",".277","4.14","89.4"
"Chacín, Jhoulys",468504,2017,"32",".235","3.89","86.3"
"Carrasco, Carlos",471911,2017,"32",".235","3.29","87.4"
"Hellickson, Jeremy",476451,2017,"30",".255","5.43","87.8"
"Kershaw, Clayton",477132,2017,"27",".212","2.31","85.3"
"Cashner, Andrew",488768,2017,"28",".250","3.40","87.1"
"Miley, Wade",489119,2017,"32",".287","5.61","87.6"
"Garza, Matt",490063,2017,"24",".270","4.94","86.7"
"Ramírez, JC",500724,2017,"27",".267","4.15","87.6"
"Quintana, Jose",500779,2017,"32",".238","4.15","87.5"
"Archer, Chris",502042,2017,"34",".246","4.07","89.6"
"Gibson, Kyle",502043,2017,"29",".292","5.07","88.5"
"Cobb, Alex",502171,2017,"29",".254","3.66","88.2"
"Samardzija, Jeff",502188,2017,"32",".255","4.42","87.4"
"Leake, Mike",502190,2017,"31",".278","3.92","87.6"
"Anderson, Chase",502624,2017,"25",".220","2.74","85.6"
"Holland, Derek",502706,2017,"29",".290","6.20","88.5"
"Peacock, Brad",502748,2017,"34",".206","3.00","85.7"
"Darvish, Yu",506433,2017,"31",".228","3.86","86.2"
"Duffy, Danny",518633,2017,"24",".257","3.81","87"
"Moore, Matt",519043,2017,"32",".283","5.52","89.6"
"Nelson, Jimmy",519076,2017,"29",".257","3.49","85.9"
"Pomeranz, Drew",519141,2017,"32",".252","3.32","87.9"
"Porcello, Rick",519144,2017,"33",".286","4.65","88.2"
"Sale, Chris",519242,2017,"32",".208","2.90","86.8"
"Zimmermann, Jordan",519455,2017,"29",".313","6.08","89.3"
"Pérez, Martín",527048,2017,"32",".301","4.82","87.1"
"Teheran, Julio",527054,2017,"32",".257","4.49","87.2"
"Adleman, Tim",534947,2017,"30",".264","5.52","87.7"
"Ramírez, Erasmo",541640,2017,"37",".247","4.39","88.5"
"Chatwood, Tyler",543022,2017,"33",".250","4.69","86.4"
"Cole, Gerrit",543037,2017,"33",".254","4.26","86.3"
"Gray, Sonny",543243,2017,"27",".226","3.55","87.4"
"Hendricks, Kyle",543294,2017,"24",".242","3.03","85"
"Montgomery, Mike",543557,2017,"44",".219","3.38","86"
"Odorizzi, Jake",543606,2017,"28",".220","4.14","87.9"
"Roark, Tanner",543699,2017,"32",".254","4.67","86.9"
"Strasburg, Stephen",544931,2017,"28",".204","2.52","87.3"
"Bauer, Trevor",545333,2017,"32",".266","4.19","89.4"
"Tanaka, Masahiro",547888,2017,"30",".257","4.74","88"
"Ryu, Hyun Jin",547943,2017,"25",".263","3.77","87.5"
"Ureña, José",570632,2017,"34",".238","3.82","86.4"
"Boyd, Matthew",571510,2017,"26",".291","5.27","86.6"
"Corbin, Patrick",571578,2017,"33",".276","4.03","87.9"
"Fiers, Mike",571666,2017,"29",".266","5.22","86.5"
"Paxton, James",572020,2017,"24",".223","2.98","87.2"
"Keuchel, Dallas",572971,2017,"23",".218","2.90","85.5"
"Straily, Dan",573185,2017,"33",".256","4.26","87.2"
"Stroman, Marcus",573186,2017,"33",".264","3.09","88.7"
"Foltynewicz, Mike",592314,2017,"29",".277","4.79","88.5"
"Gausman, Kevin",592332,2017,"34",".283","4.68","87.7"
"Ray, Robbie",592662,2017,"28",".199","2.89","89.9"
"Taillon, Jameson",592791,2017,"25",".290","4.44","86.3"
"Walker, Taijuan",592836,2017,"28",".247","3.49","88.7"
"Williams, Trevor",592866,2017,"31",".255","4.07","86.3"
"Martinez, Carlos",593372,2017,"32",".232","3.64","87"
"Rodriguez, Eduardo",593958,2017,"25",".241","4.19","86.3"
"deGrom, Jacob",594798,2017,"31",".237","3.53","86.3"
"Eickhoff, Jerad",595191,2017,"24",".281","4.71","89"
"Pivetta, Nick",601713,2017,"26",".281","6.02","88.3"
"Bundy, Dylan",605164,2017,"28",".240","4.24","88.8"
"Cotton, Jharel",605194,2017,"24",".267","5.58","86.7"
"Davies, Zach",605200,2017,"33",".275","3.90","86.2"
"Fulmer, Michael",605242,2017,"25",".243","3.83","86.1"
"Nola, Aaron",605400,2017,"27",".241","3.54","85.7"
"Snell, Blake",605483,2017,"24",".234","4.04","86.4"
"Perdomo, Luis",606131,2017,"29",".285","4.67","88"
"Montero, Rafael",606160,2017,"34",".306","5.52","84.6"
"Gsellman, Robert",607229,2017,"25",".280","5.19","86.3"
"Biagini, Joe",607352,2017,"44",".265","5.34","86.2"
"Freeland, Kyle",607536,2017,"33",".284","4.10","86.1"
"Wacha, Michael",608379,2017,"30",".267","4.13","87.2"
"Márquez, Germán",608566,2017,"29",".274","4.39","88.7"
"McCullers Jr., Lance",621121,2017,"22",".249","4.25","87.4"
"Berríos, José",621244,2017,"26",".239","3.89","86"
"Blach, Ty",621389,2017,"34",".283","4.78","86.9"
"Wood, Alex",622072,2017,"27",".217","2.72","85.6"
"Senzatela, Antonio",622608,2017,"36",".254","4.68","87.7"
"Severino, Luis",622663,2017,"31",".208","2.98","87.2"
"Maeda, Kenta",628317,2017,"29",".238","4.22","86.2"
"Manaea, Sean",640455,2017,"29",".268","4.37","89.4"
"Kuhl, Chad",641771,2017,"31",".269","4.35","88.8"
"Godley, Zack",643327,2017,"26",".221","3.37","88"
"Montgomery, Jordan",656756,2017,"29",".236","3.88","86.9"
"Miranda, Aríel",664641,2017,"31",".233","5.12","87.9"
"Colon, Bartolo",112526,2018,"28",".291","5.78","89.6"
"Sabathia, CC",282332,2018,"29",".250","3.65","84.9"
"Greinke, Zack",425844,2018,"33",".231","3.21","87.9"
"Hamels, Cole",430935,2018,"32",".246","3.78","88.6"
"Hernández, Félix",433587,2018,"29",".262","5.55","89.8"
"Verlander, Justin",434378,2018,"34",".200","2.52","88.5"
"Liriano, Francisco",434538,2018,"27",".252","4.58","88"
"Hammel, Jason",434628,2018,"39",".315","6.02","89.5"
"Sánchez, Aníbal",434671,2018,"25",".213","2.83","85"
"Kluber, Corey",446372,2018,"33",".223","2.89","87.9"
"Hill, Rich",448179,2018,"25",".219","3.66","88.8"
"Shields, James",448306,2018,"34",".245","4.53","88.6"
"Guerra, Junior",448855,2018,"31",".264","4.09","89"
"Morton, Charlie",450203,2018,"30",".213","3.13","87.5"
"Lester, Jon",452657,2018,"32",".256","3.32","88.7"
"Kennedy, Ian",453178,2018,"22",".265","4.66","89.5"
"LeBlanc, Wade",453281,2018,"32",".246","3.72","87.4"
"Scherzer, Max",453286,2018,"33",".188","2.53","86.6"
"Richard, Clayton",453385,2018,"27",".263","5.33","90.6"
"Arrieta, Jake",453562,2018,"31",".254","3.96","87.8"
"Price, David",456034,2018,"30",".230","3.58","88.7"
"Happ, J.A.",457918,2018,"31",".225","3.65","88.4"
"Lynn, Lance",458681,2018,"31",".265","4.77","87.5"
"Gonzalez, Gio",461829,2018,"32",".256","4.21","87.7"
"Estrada, Marco",462136,2018,"28",".274","5.64","87.5"
"Nova, Iván",467100,2018,"29",".268","4.19","90"
"Chacín, Jhoulys",468504,2018,"35",".220","3.50","88.8"
"Carrasco, Carlos",471911,2018,"32",".238","3.38","89.7"
"Ross, Tyson",475115,2018,"31",".237","4.15","88.3"
"Kershaw, Clayton",477132,2018,"26",".227","2.73","88"
"Cashner, Andrew",488768,2018,"28",".291","5.29","89.2"
"Quintana, Jose",500779,2018,"32",".246","4.03","89.4"
"Minor, Mike",501985,2018,"28",".235","4.18","88.1"
"Archer, Chris",502042,2018,"27",".268","4.31","89.7"
"Gibson, Kyle",502043,2018,"32",".241","3.62","87.8"
"Cobb, Alex",502171,2018,"28",".284","4.90","89"
"Leake, Mike",502190,2018,"31",".280","4.36","89.7"
"Anderson, Chase",502624,2018,"30",".228","3.93","87.2"
"Holland, Derek",502706,2018,"36",".241","3.57","88.4"
"Bettis, Chad",518452,2018,"27",".265","5.01","88.6"
"Bumgarner, Madison",518516,2018,"21",".238","3.26","88.4"
"Duffy, Danny",518633,2018,"28",".264","4.88","88.6"
"Harvey, Matt",518774,2018,"32",".271","4.94","90.1"
"Porcello, Rick",519144,2018,"33",".241","4.28","89"
"Sale, Chris",519242,2018,"27",".181","2.11","85.6"
"Zimmermann, Jordan",519455,2018,"25",".269","4.52","89.1"
"Teheran, Julio",527054,2018,"31",".196","3.94","88.7"
"Anderson, Tyler",542881,2018,"32",".248","4.55","87.6"
"Cole, Gerrit",543037,2018,"32",".198","2.88","89.1"
"Gaviglio, Sam",543208,2018,"26",".281","5.31","88.9"
"Gray, Sonny",543243,2018,"30",".270","4.90","88.7"
"Hendricks, Kyle",543294,2018,"33",".247","3.44","86.4"
"Montgomery, Mike",543557,2018,"38",".272","3.99","87.9"
"Odorizzi, Jake",543606,2018,"32",".242","4.49","89.1"
"Roark, Tanner",543699,2018,"31",".262","4.34","87.8"
"Strasburg, Stephen",544931,2018,"22",".240","3.74","89.2"
"Bauer, Trevor",545333,2018,"28",".208","2.21","87.8"
"Tanaka, Masahiro",547888,2018,"27",".240","3.75","88.9"
"Stripling, Ross",548389,2018,"33",".257","3.02","87.9"
"Wheeler, Zack",554430,2018,"29",".225","3.31","86.1"
"Ureña, José",570632,2018,"31",".242","3.98","88.5"
"Boyd, Matthew",571510,2018,"31",".228","4.39","87.4"
"Corbin, Patrick",571578,2018,"33",".218","3.15","88.4"
"Fiers, Mike",571666,2018,"31",".249","3.56","89.8"
"Heaney, Andrew",571760,2018,"30",".248","4.15","87.7"
"Matz, Steven",571927,2018,"30",".232","3.97","89.1"
"Mikolas, Miles",571945,2018,"32",".245","2.83","86.7"
"Paxton, James",572020,2018,"28",".224","3.76","90.1"
"Skaggs, Tyler",572140,2018,"24",".262","4.02","89.4"
"Keuchel, Dallas",572971,2018,"34",".263","3.74","87.3"
"Straily, Dan",573185,2018,"23",".237","4.12","90.1"
"Covey, Dylan",592229,2018,"27",".269","5.18","88.6"
"Foltynewicz, Mike",592314,2018,"31",".195","2.85","88.6"
"Gausman, Kevin",592332,2018,"31",".264","3.92","89"
"Gray, Jon",592351,2018,"31",".266","5.12","89.8"
"Ray, Robbie",592662,2018,"24",".216","3.93","90.1"
"Syndergaard, Noah",592789,2018,"25",".250","3.03","85.8"
"Taillon, Jameson",592791,2018,"32",".246","3.20","87.8"
"Velasquez, Vince",592826,2018,"31",".250","4.85","89.4"
"Williams, Trevor",592866,2018,"31",".231","3.11","86.9"
"Martinez, Carlos",593372,2018,"33",".228","3.11","86.1"
"Rodriguez, Eduardo",593958,2018,"27",".238","3.82","88"
"deGrom, Jacob",594798,2018,"32",".196","1.70","86.3"
"Gonzales, Marco",594835,2018,"29",".267","4.00","88.5"
"Junis, Jakob",596001,2018,"30",".265","4.37","88.7"
"Weaver, Luke",596133,2018,"30",".277","4.95","87.9"
"Pivetta, Nick",601713,2018,"33",".261","4.77","88.9"
"Bundy, Dylan",605164,2018,"31",".274","5.45","89.3"
"Clevinger, Mike",605182,2018,"32",".223","3.02","87"
"Fulmer, Michael",605242,2018,"24",".254","4.69","89.4"
"Nola, Aaron",605400,2018,"33",".197","2.37","87.1"
"Snell, Blake",605483,2018,"31",".178","1.89","87.5"
"Suárez, Andrew",605498,2018,"29",".269","4.49","89.4"
"Rodón, Carlos",607074,2018,"20",".220","4.18","87.7"
"Romano, Sal",607219,2018,"39",".267","5.31","88.3"
"Freeland, Kyle",607536,2018,"33",".240","2.85","86.8"
"Giolito, Lucas",608337,2018,"32",".250","6.13","88.7"
"Márquez, Germán",608566,2018,"33",".241","3.77","89.5"
"Stratton, Chris",608717,2018,"28",".273","5.09","90.4"
"Chen, Wei-Yin",612672,2018,"26",".256","4.79","87.6"
"Eflin, Zach",621107,2018,"24",".261","4.36","87.4"
"Buehler, Walker",621111,2018,"24",".193","2.62","87.9"
"McCullers Jr., Lance",621121,2018,"25",".215","3.86","89.2"
"Berríos, José",621244,2018,"32",".222","3.84","87.3"
"Blach, Ty",621389,2018,"47",".289","4.25","88.3"
"Wood, Alex",622072,2018,"33",".247","3.68","88.1"
"Castillo, Luis",622491,2018,"31",".245","4.30","88.8"
"Severino, Luis",622663,2018,"32",".238","3.39","88.4"
"López, Reynaldo",625643,2018,"32",".234","3.91","88.3"
"Maeda, Kenta",628317,2018,"39",".240","3.81","87.3"
"Manaea, Sean",640455,2018,"27",".232","3.59","89.5"
"Keller, Brad",641745,2018,"41",".252","3.08","88.1"
"Lauer, Eric",641778,2018,"23",".285","4.34","88.4"
"Mahle, Tyler",641816,2018,"23",".283","4.98","90.1"
"Yarbrough, Ryan",642232,2018,"38",".246","3.91","85.7"
"Barria, Jaime",642545,2018,"26",".242","3.41","88.7"
"Godley, Zack",643327,2018,"33",".260","4.74","89.7"
"Flaherty, Jack",656427,2018,"28",".199","3.34","86.9"
"Newcomb, Sean",656794,2018,"31",".226","3.90","87.6"
"Lucchesi, Joey",664192,2018,"26",".254","4.08","89.4"
"Richards, Trevor",670950,2018,"25",".253","4.42","88.3"
"Wainwright, Adam",425794,2019,"31",".273","4.19","88.9"
"Greinke, Zack",425844,2019,"33",".228","2.93","87.5"
"Hamels, Cole",430935,2019,"27",".260","3.81","90.3"
"Verlander, Justin",434378,2019,"34",".172","2.58","87.3"
"Sánchez, Aníbal",434671,2019,"30",".236","3.85","87"
"Morton, Charlie",450203,2019,"33",".215","3.05","86.9"
"Vargas, Jason",450306,2019,"30",".249","4.51","87.6"
"Lester, Jon",452657,2019,"31",".294","4.46","88.6"
"LeBlanc, Wade",453281,2019,"26",".291","5.71","89.4"
"Scherzer, Max",453286,2019,"27",".222","2.92","87.6"
"Arrieta, Jake",453562,2019,"24",".283","4.64","89.3"
"Bailey, Homer",456701,2019,"31",".256","4.57","90.3"
"Happ, J.A.",457918,2019,"31",".258","4.91","89.2"
"Lynn, Lance",458681,2019,"33",".243","3.67","87.9"
"Nova, Iván",467100,2019,"34",".303","4.72","88.8"
"Anderson, Brett",474463,2019,"31",".265","3.89","89.6"
"Kershaw, Clayton",477132,2019,"29",".222","3.03","88.7"
"Cashner, Andrew",488768,2019,"42",".253","4.68","89.7"
"Miley, Wade",489119,2019,"33",".254","3.98","87.5"
"Quintana, Jose",500779,2019,"32",".282","4.68","90"
"Pineda, Michael",501381,2019,"26",".253","4.01","89.7"
"Minor, Mike",501985,2019,"32",".244","3.59","86.9"
"Archer, Chris",502042,2019,"23",".249","5.19","89.4"
"Gibson, Kyle",502043,2019,"34",".275","4.84","88.3"
"Samardzija, Jeff",502188,2019,"32",".225","3.52","89.5"
"Leake, Mike",502190,2019,"32",".286","4.29","90.7"
"Anderson, Chase",502624,2019,"32",".240","4.21","87.3"
"Darvish, Yu",506433,2019,"31",".213","3.98","88.6"
"Bumgarner, Madison",518516,2019,"34",".245","3.90","90.4"
"Duffy, Danny",518633,2019,"23",".251","4.34","89.3"
"Kelly, Merrill",518876,2019,"32",".260","4.42","89.9"
"Porcello, Rick",519144,2019,"32",".278","5.52","88.4"
"Sale, Chris",519242,2019,"25",".221","4.40","88.5"
"Zimmermann, Jordan",519455,2019,"23",".311","6.91","90.3"
"Pérez, Martín",527048,2019,"32",".279","5.12","86.2"
"Teheran, Julio",527054,2019,"33",".229","3.81","89"
"Cole, Gerrit",543037,2019,"33",".186","2.50","87.6"
"DeSclafani, Anthony",543101,2019,"31",".238","3.89","89.1"
"Gray, Sonny",543243,2019,"31",".196","2.87","88.1"
"Hendricks, Kyle",543294,2019,"30",".249","3.46","86.5"
"Lyles, Jordan",543475,2019,"28",".243","4.15","89.9"
"Odorizzi, Jake",543606,2019,"30",".234","3.51","89.2"
"Roark, Tanner",543699,2019,"31",".275","4.35","89"
"Strasburg, Stephen",544931,2019,"33",".210","3.32","87.9"
"Bauer, Trevor",545333,2019,"34",".230","4.48","88.7"
"Tanaka, Masahiro",547888,2019,"32",".261","4.45","89.1"
"Ryu, Hyun Jin",547943,2019,"29",".234","2.32","86.6"
"Wheeler, Zack",554430,2019,"31",".258","3.96","87"
"Boyd, Matthew",571510,2019,"32",".247","4.56","89.3"
"Corbin, Patrick",571578,2019,"33",".227","3.25","89.9"
"Fiers, Mike",571666,2019,"33",".243","3.90","88.1"
"Matz, Steven",571927,2019,"32",".260","4.21","88.9"
"Mikolas, Miles",571945,2019,"32",".272","4.16","88.5"
"Paxton, James",572020,2019,"29",".242","3.82","89.2"
"Stroman, Marcus",573186,2019,"32",".257","3.22","88.2"
"Kikuchi, Yusei",579328,2019,"32",".295","5.46","89.2"
"Gray, Jon",592351,2019,"26",".259","3.84","89.9"
"Ray, Robbie",592662,2019,"33",".234","4.34","88.9"
"Sampson, Adrian",592716,2019,"35",".302","5.89","91"
"Sanchez, Aaron",592717,2019,"27",".278","5.89","89.8"
"Smith, Caleb",592761,2019,"28",".223","4.52","88.7"
"Smyly, Drew",592767,2019,"25",".278","6.24","89"
"Syndergaard, Noah",592789,2019,"32",".256","4.28","86.8"
"Velasquez, Vince",592826,2019,"33",".262","4.91","90.8"
"Williams, Trevor",592866,2019,"26",".284","5.38","88"
"Germán, Domingo",593334,2019,"27",".228","4.03","89.4"
"Rodriguez, Eduardo",593958,2019,"34",".253","3.81","86.2"
"deGrom, Jacob",594798,2019,"32",".207","2.43","86.5"
"Gonzales, Marco",594835,2019,"34",".264","3.99","88.3"
"Beede, Tyler",595881,2019,"24",".271","5.08","91.3"
"Junis, Jakob",596001,2019,"31",".276","5.24","90.1"
"Norris, Daniel",596057,2019,"32",".275","4.49","90.9"
"Bassitt, Chris",605135,2019,"28",".229","3.81","87.8"
"Bundy, Dylan",605164,2019,"30",".256","4.79","88.2"
"Davies, Zach",605200,2019,"31",".256","3.55","88.7"
"López, Jorge",605347,2019,"39",".286","6.33","90.3"
"Musgrove, Joe",605397,2019,"32",".254","4.44","88.9"
"Nola, Aaron",605400,2019,"34",".233","3.87","89.2"
"Turnbull, Spencer",605513,2019,"30",".267","4.61","89.6"
"Means, John",607644,2019,"31",".234","3.60","87.5"
"Fried, Max",608331,2019,"33",".270","4.02","89.2"
"Giolito, Lucas",608337,2019,"29",".205","3.41","88.1"
"Wacha, Michael",608379,2019,"29",".290","4.76","88.2"
"Márquez, Germán",608566,2019,"28",".259","4.76","91.1"
"Eflin, Zach",621107,2019,"32",".268","4.13","88.2"
"Buehler, Walker",621111,2019,"30",".223","3.26","89.3"
"Berríos, José",621244,2019,"32",".251","3.68","87"
"Castillo, Luis",622491,2019,"32",".202","3.40","87.2"
"Senzatela, Antonio",622608,2019,"25",".313","6.71","90.1"
"López, Reynaldo",625643,2019,"33",".278","5.38","88.8"
"Maeda, Kenta",628317,2019,"37",".202","4.04","86.1"
"Chirinos, Yonny",630023,2019,"26",".225","3.85","88.1"
"Hudson, Dakota",641712,2019,"33",".245","3.35","89.3"
"Keller, Brad",641745,2019,"28",".247","4.19","89.1"
"Lauer, Eric",641778,2019,"30",".268","4.45","89.8"
"Mahle, Tyler",641816,2019,"25",".266","5.14","89.2"
"Sparkman, Glenn",642098,2019,"31",".296","6.02","90.8"
"Yarbrough, Ryan",642232,2019,"28",".228","4.13","84.9"
"Jurado, Ariel",642558,2019,"32",".304","5.81","90"
"Brault, Steven",643230,2019,"25",".265","5.16","90.5"
"Alcantara, Sandy",645261,2019,"32",".241","3.88","87.3"
"Soroka, Michael",647336,2019,"29",".236","2.68","88.2"
"Flaherty, Jack",656427,2019,"33",".192","2.75","86.6"
"Thornton, Trent",663423,2019,"32",".259","4.84","88.2"
"Paddack, Chris",663978,2019,"26",".204","3.33","87.8"
"Lucchesi, Joey",664192,2019,"30",".233","4.18","88.3"
"Bieber, Shane",669456,2019,"34",".230","3.28","90.6"
"Richards, Trevor",670950,2019,"30",".249","4.06","88.5"
"Wainwright, Adam",425794,2020,"10",".221","3.15","87.3"
"Greinke, Zack",425844,2020,"12",".256","4.03","86.8"
"Sánchez, Aníbal",434671,2020,"11",".313","6.62","88.9"
"Lester, Jon",452657,2020,"12",".262","5.16","88.9"
"Scherzer, Max",453286,2020,"12",".260","3.74","88.5"
"Arrieta, Jake",453562,2020,"9",".298","5.08","88.9"
"Cueto, Johnny",456501,2020,"12",".248","5.40","87.9"
"Happ, J.A.",457918,2020,"9",".208","3.47","88.1"
"Lindblom, Josh",458676,2020,"12",".244","5.16","87.8"
"Lynn, Lance",458681,2020,"13",".206","3.32","88.6"
"Carrasco, Carlos",471911,2020,"12",".221","2.91","88"
"Anderson, Brett",474463,2020,"10",".270","4.21","89.1"
"Kershaw, Clayton",477132,2020,"10",".194","2.16","87.8"
"Minor, Mike",501985,2020,"12",".230","5.56","87.5"
"Gibson, Kyle",502043,2020,"12",".275","5.35","88.2"
"Cobb, Alex",502171,2020,"10",".252","4.30","91.3"
"Darvish, Yu",506433,2020,"12",".211","2.01","88.7"
"Bumgarner, Madison",518516,2020,"9",".276","6.48","89.5"
"Duffy, Danny",518633,2020,"12",".249","4.95","88.7"
"Porcello, Rick",519144,2020,"12",".303","5.64","87.2"
"Pérez, Martín",527048,2020,"12",".240","4.50","86.3"
"Anderson, Tyler",542881,2020,"13",".256","4.37","86.8"
"Cole, Gerrit",543037,2020,"12",".197","2.84","90.4"
"Eovaldi, Nathan",543135,2020,"9",".273","3.72","90.1"
"Gray, Sonny",543243,2020,"11",".203","3.70","86.8"
"Hendricks, Kyle",543294,2020,"12",".240","2.88","86.1"
"Lyles, Jordan",543475,2020,"12",".285","7.02","89.6"
"Roark, Tanner",543699,2020,"11",".309","6.80","89.2"
"Bauer, Trevor",545333,2020,"11",".159","1.73","88.5"
"Tanaka, Masahiro",547888,2020,"10",".257","3.56","88.5"
"Ryu, Hyun Jin",547943,2020,"12",".234","2.69","87"
"Stripling, Ross",548389,2020,"12",".281","5.84","91.2"
"Wheeler, Zack",554430,2020,"11",".254","2.92","85.7"
"Boyd, Matthew",571510,2020,"12",".278","6.71","87.4"
"Corbin, Patrick",571578,2020,"11",".308","4.66","90.7"
"Fiers, Mike",571666,2020,"11",".275","4.58","88.6"
"Heaney, Andrew",571760,2020,"12",".246","4.46","88.6"
"Richards, Garrett",572070,2020,"14",".244","4.03","89.8"
"Keuchel, Dallas",572971,2020,"11",".218","1.99","86.8"
"Kikuchi, Yusei",579328,2020,"9",".238","5.17","89.4"
"Gausman, Kevin",592332,2020,"12",".221","3.62","88"
"Ray, Robbie",592662,2020,"12",".261","6.62","91.6"
"Walker, Taijuan",592836,2020,"11",".214","2.70","88.4"
"Williams, Trevor",592866,2020,"11",".296","6.18","87.2"
"Montas, Frankie",593423,2020,"11",".270","5.60","88.1"
"deGrom, Jacob",594798,2020,"12",".190","2.38","88.2"
"Gonzales, Marco",594835,2020,"11",".222","3.10","86.6"
"Weaver, Luke",596133,2020,"12",".292","6.58","89.8"
"Bassitt, Chris",605135,2020,"11",".233","2.29","88.2"
"Bundy, Dylan",605164,2020,"11",".208","3.29","87"
"Davies, Zach",605200,2020,"12",".216","2.73","87.5"
"Houser, Adrian",605288,2020,"12",".285","5.30","86.3"
"Nola, Aaron",605400,2020,"12",".205","3.28","88.3"
"Snell, Blake",605483,2020,"11",".228","3.24","87.8"
"Turnbull, Spencer",605513,2020,"11",".226","3.97","91.1"
"Woodruff, Brandon",605540,2020,"13",".204","3.05","86.7"
"Glasnow, Tyler",607192,2020,"11",".200","4.08","90.4"
"Fedde, Erick",607200,2020,"11",".241","4.29","89.6"
"Freeland, Kyle",607536,2020,"13",".278","4.33","87.3"
"Fried, Max",608331,2020,"11",".211","2.25","83.4"
"Giolito, Lucas",608337,2020,"12",".184","3.48","87"
"Márquez, Germán",608566,2020,"13",".247","3.75","88.8"
"Voth, Austin",608723,2020,"11",".281","6.34","89.4"
"Eflin, Zach",621107,2020,"11",".263","3.97","87.4"
"McCullers Jr., Lance",621121,2020,"11",".220","3.93","89.3"
"Mills, Alec",621219,2020,"11",".230","4.48","86.9"
"Berríos, José",621244,2020,"12",".237","4.00","88.7"
"Young, Alex",622065,2020,"15",".277","5.44","90"
"Castillo, Luis",622491,2020,"12",".233","3.21","86"
"Senzatela, Antonio",622608,2020,"12",".254","3.44","88.3"
"Castellani, Ryan",624418,2020,"10",".236","5.82","90.9"
"Maeda, Kenta",628317,2020,"11",".168","2.70","85.3"
"Urías, Julio",628711,2020,"11",".220","3.27","87.1"
"Manaea, Sean",640455,2020,"11",".270","4.50","90.6"
"López, Pablo",641154,2020,"11",".230","3.61","85.7"
"Keller, Brad",641745,2020,"9",".202","2.47","89.2"
"Kuhl, Chad",641771,2020,"11",".212","4.27","89.5"
"Mahle, Tyler",641816,2020,"10",".198","3.59","87.4"
"Yarbrough, Ryan",642232,2020,"11",".256","3.56","82.6"
"Dunn, Justin",643290,2020,"10",".189","4.34","92"
"Civale, Aaron",650644,2020,"12",".282","4.74","87.1"
"Canning, Griffin",656288,2020,"11",".257","3.99","88.9"
"Cease, Dylan",656302,2020,"12",".234","4.01","89.8"
"Montgomery, Jordan",656756,2020,"10",".265","5.11","84.6"
"Peterson, David",656849,2020,"10",".202","3.44","87.4"
"Sheffield, Justus",656954,2020,"10",".251","3.58","90.7"
"Webb, Logan",657277,2020,"13",".288","5.47","88.4"
"Lamet, Dinelson",659275,2020,"12",".161","2.09","88.7"
"Bubic, Kris",663460,2020,"10",".263","4.32","87.1"
"Singer, Brady",663903,2020,"12",".220","4.06","88.5"
"Paddack, Chris",663978,2020,"12",".262","4.73","90.9"
"Brubaker, JT",664141,2020,"11",".262","4.94","87.1"
"Valdez, Framber",664285,2020,"11",".240","3.57","91.4"
"Javier, Cristian",664299,2020,"12",".188","3.48","86.9"
"Luzardo, Jesús",666200,2020,"12",".257","4.12","88.9"
"Plesac, Zach",668676,2020,"8",".191","2.28","87.8"
"Gallen, Zac",668678,2020,"12",".210","2.75","87"
"May, Dustin",669160,2020,"12",".220","2.57","87.9"
"Burnes, Corbin",669203,2020,"12",".174","2.11","86.9"
"Bieber, Shane",669456,2020,"12",".167","1.63","89.3"
"Dobnak, Randy",677976,2020,"10",".278","4.05","87.8"
"Wainwright, Adam",425794,2021,"32",".220","3.05","88.2"
"Greinke, Zack",425844,2021,"30",".252","4.16","88.3"
"Hill, Rich",448179,2021,"32",".235","3.86","88.3"
"Morton, Charlie",450203,2021,"33",".203","3.34","88.1"
"Lester, Jon",452657,2021,"28",".285","4.71","88.3"
"Scherzer, Max",453286,2021,"30",".185","2.46","87.9"
"Happ, J.A.",457918,2021,"30",".288","5.79","90.2"
"Lynn, Lance",458681,2021,"28",".209","2.69","87.7"
"Miley, Wade",489119,2021,"28",".265","3.37","85.7"
"Minor, Mike",501985,2021,"28",".252","5.05","88.5"
"Gibson, Kyle",502043,2021,"31",".234","3.71","88.8"
"Darvish, Yu",506433,2021,"30",".222","4.22","88.2"
"Bumgarner, Madison",518516,2021,"26",".242","4.67","88.8"
"Harvey, Matt",518774,2021,"28",".299","6.27","89.5"
"Kelly, Merrill",518876,2021,"27",".266","4.44","89"
"Pérez, Martín",527048,2021,"36",".296","4.74","88.6"
"Anderson, Tyler",542881,2021,"31",".262","4.53","87"
"Cole, Gerrit",543037,2021,"30",".223","3.23","88.7"
"DeSclafani, Anthony",543101,2021,"31",".225","3.17","88.9"
"Eovaldi, Nathan",543135,2021,"32",".253","3.75","88"
"Gray, Sonny",543243,2021,"26",".225","4.19","86.6"
"Hendricks, Kyle",543294,2021,"32",".278","4.77","86.3"
"Lyles, Jordan",543475,2021,"32",".278","5.15","89.9"
"Ryu, Hyun Jin",547943,2021,"31",".258","4.37","89.6"
"Wheeler, Zack",554430,2021,"32",".215","2.78","84.6"
"Corbin, Patrick",571578,2021,"31",".286","5.82","89.4"
"Heaney, Andrew",571760,2021,"30",".256","5.83","89.3"
"Matz, Steven",571927,2021,"29",".265","3.82","87.8"
"Richards, Garrett",572070,2021,"40",".289","4.87","91.1"
"Keuchel, Dallas",572971,2021,"32",".290","5.28","88.3"
"Stroman, Marcus",573186,2021,"33",".242","3.02","89.1"
"Kikuchi, Yusei",579328,2021,"29",".243","4.41","91.9"
"Foltynewicz, Mike",592314,2021,"28",".260","5.44","89.8"
"Gausman, Kevin",592332,2021,"33",".210","2.81","89.1"
"Gray, Jon",592351,2021,"29",".245","4.59","89"
"Ray, Robbie",592662,2021,"32",".210","2.84","90.4"
"Smyly, Drew",592767,2021,"29",".269","4.48","88.8"
"Taillon, Jameson",592791,2021,"29",".238","4.30","88.9"
"Walker, Taijuan",592836,2021,"30",".225","4.47","89.1"
"Montas, Frankie",593423,2021,"32",".232","3.37","89.3"
"Rodriguez, Eduardo",593958,2021,"32",".277","4.74","86.5"
"Gonzales, Marco",594835,2021,"25",".234","3.96","88.1"
"Pivetta, Nick",601713,2021,"31",".234","4.53","89.7"
"Bassitt, Chris",605135,2021,"27",".218","3.15","87.6"
"Davies, Zach",605200,2021,"32",".281","5.78","89.8"
"Houser, Adrian",605288,2021,"28",".228","3.22","87.1"
"López, Jorge",605347,2021,"33",".293","6.07","89.7"
"Musgrove, Joe",605397,2021,"32",".213","3.18","87.8"
"Nola, Aaron",605400,2021,"32",".237","4.63","88.9"
"Snell, Blake",605483,2021,"27",".214","4.20","89.3"
"Woodruff, Brandon",605540,2021,"30",".200","2.56","86.2"
"Rodón, Carlos",607074,2021,"24",".189","2.37","89.2"
"Fedde, Erick",607200,2021,"29",".275","5.47","89.8"
"Freeland, Kyle",607536,2021,"23",".284","4.33","88.4"
"Means, John",607644,2021,"26",".224","3.62","87.9"
"Fried, Max",608331,2021,"28",".227","3.04","86.5"
"Giolito, Lucas",608337,2021,"31",".219","3.53","87.7"
"Irvin, Cole",608344,2021,"32",".275","4.24","89.3"
"Wacha, Michael",608379,2021,"29",".270","5.05","89.9"
"Márquez, Germán",608566,2021,"32",".242","4.40","88.9"
"Quantrill, Cal",615698,2021,"40",".234","2.89","87.6"
"Kaprielian, James",621076,2021,"24",".233","4.07","90.1"
"Buehler, Walker",621111,2021,"33",".199","2.47","88.2"
"McCullers Jr., Lance",621121,2021,"28",".205","3.16","89.8"
"Mills, Alec",621219,2021,"32",".291","5.07","88.3"
"Berríos, José",621244,2021,"32",".223","3.52","88.4"
"Wood, Alex",622072,2021,"26",".236","3.83","89.7"
"Castillo, Luis",622491,2021,"33",".255","3.98","87.7"
"Senzatela, Antonio",622608,2021,"28",".287","4.42","90.4"
"Flexen, Chris",623167,2021,"31",".268","3.61","89.5"
"Urías, Julio",628711,2021,"32",".219","2.96","86"
"Crowe, Wil",640444,2021,"26",".276","5.48","88.8"
"Manaea, Sean",640455,2021,"32",".255","3.91","90.2"
"Alzolay, Adbert",640470,2021,"29",".236","4.58","89.3"
"Dunning, Dane",641540,2021,"27",".275","4.51","89.2"
"Keller, Brad",641745,2021,"26",".297","5.39","90"
"Mahle, Tyler",641816,2021,"33",".234","3.75","87.8"
"Yarbrough, Ryan",642232,2021,"30",".267","5.11","84.8"
"Peralta, Freddy",642547,2021,"28",".165","2.81","86.6"
"Alcantara, Sandy",645261,2021,"33",".223","3.19","87.6"
"Cease, Dylan",656302,2021,"32",".223","3.91","89.2"
"Montgomery, Jordan",656756,2021,"30",".250","3.83","87.9"
"Webb, Logan",657277,2021,"27",".234","3.03","88.1"
"Ohtani, Shohei",660271,2021,"23",".207","3.18","88.4"
"Bubic, Kris",663460,2021,"29",".248","4.43","88.8"
"Allard, Kolby",663465,2021,"32",".258","5.41","89.8"
"Mize, Casey",663554,2021,"30",".234","3.71","89.1"
"McClanahan, Shane",663556,2021,"25",".252","3.43","91.7"
"Singer, Brady",663903,2021,"27",".281","4.91","88.5"
"Brubaker, JT",664141,2021,"24",".254","5.36","88.9"
"Valdez, Framber",664285,2021,"22",".220","3.14","90.8"
"Anderson, Ian",666120,2021,"24",".221","3.58","88.3"
"Plesac, Zach",668676,2021,"25",".248","4.67","90.6"
"Gallen, Zac",668678,2021,"23",".233","4.30","89.2"
"Burnes, Corbin",669203,2021,"28",".201","2.43","85.5"
"Gilbert, Logan",669302,2021,"24",".241","4.68","90.1"
"Skubal, Tarik",669373,2021,"31",".245","4.34","90.5"
"Rogers, Trevor",669432,2021,"25",".218","2.64","87.7"
"Garcia, Luis",677651,2021,"30",".232","3.48","88.1"
"Wainwright, Adam",425794,2022,"32",".261","3.71","87.8"
"Greinke, Zack",425844,2022,"26",".286","3.68","88.9"
"Verlander, Justin",434378,2022,"28",".186","1.75","87.8"
"Kluber, Corey",446372,2022,"31",".274","4.34","87.1"
"Hill, Rich",448179,2022,"26",".258","4.27","88.2"
"Morton, Charlie",450203,2022,"31",".233","4.34","89.3"
"Scherzer, Max",453286,2022,"23",".207","2.29","87.8"
"Cueto, Johnny",456501,2022,"25",".267","3.35","87.7"
"Lynn, Lance",458681,2022,"21",".247","3.99","88.4"
"Carrasco, Carlos",471911,2022,"29",".272","3.97","88.4"
"Quintana, Jose",500779,2022,"32",".246","2.93","86.5"
"Gibson, Kyle",502043,2022,"31",".268","5.05","88.6"
"Cobb, Alex",502171,2022,"28",".262","3.73","89.2"
"Darvish, Yu",506433,2022,"30",".207","3.10","88.5"
"Bumgarner, Madison",518516,2022,"30",".281","4.88","90.3"
"Kelly, Merrill",518876,2022,"33",".226","3.37","88.5"
"Pérez, Martín",527048,2022,"32",".241","2.89","88.2"
"Anderson, Tyler",542881,2022,"30",".221","2.57","85"
"Cole, Gerrit",543037,2022,"33",".209","3.50","89.4"
"Lyles, Jordan",543475,2022,"32",".276","4.42","88.6"
"Stripling, Ross",548389,2022,"32",".229","3.01","88.9"
"Wheeler, Zack",554430,2022,"26",".221","2.82","85.9"
"Corbin, Patrick",571578,2022,"31",".321","6.31","90.8"
"Mikolas, Miles",571945,2022,"33",".226","3.29","87.8"
"Stroman, Marcus",573186,2022,"25",".234","3.50","89"
"Gausman, Kevin",592332,2022,"31",".272","3.35","89"
"Gray, Jon",592351,2022,"24",".222","3.96","88"
"Ray, Robbie",592662,2022,"32",".231","3.71","89.7"
"Syndergaard, Noah",592789,2022,"25",".263","3.94","87.1"
"Taillon, Jameson",592791,2022,"32",".246","3.91","88.5"
"Walker, Taijuan",592836,2022,"29",".240","3.49","89.3"
"Montas, Frankie",593423,2022,"27",".249","4.05","87.6"
"Gonzales, Marco",594835,2022,"32",".271","4.13","86.7"
"Gomber, Austin",596295,2022,"33",".281","5.56","88.1"
"Pivetta, Nick",601713,2022,"33",".253","4.56","90.7"
"Bassitt, Chris",605135,2022,"30",".234","3.42","85.7"
"Bundy, Dylan",605164,2022,"29",".271","4.89","88.9"
"Davies, Zach",605200,2022,"27",".241","4.09","87.4"
"Musgrove, Joe",605397,2022,"30",".227","2.93","86.4"
"Nola, Aaron",605400,2022,"32",".219","3.25","87.7"
"Snell, Blake",605483,2022,"24",".216","3.38","90.1"
"Springs, Jeffrey",605488,2022,"33",".222","2.46","87.5"
"Thompson, Zach",605507,2022,"29",".280","5.18","88.3"
"Woodruff, Brandon",605540,2022,"27",".215","3.05","88.8"
"Rodón, Carlos",607074,2022,"31",".202","2.88","89"
"Fedde, Erick",607200,2022,"27",".293","5.81","89.5"
"Freeland, Kyle",607536,2022,"31",".281","4.53","89.8"
"Fried, Max",608331,2022,"30",".225","2.48","86.2"
"Giolito, Lucas",608337,2022,"30",".272","4.90","88.8"
"Irvin, Cole",608344,2022,"30",".251","3.98","89.4"
"Wacha, Michael",608379,2022,"23",".233","3.32","88.2"
"Márquez, Germán",608566,2022,"31",".263","4.95","90.5"
"Quantrill, Cal",615698,2022,"32",".254","3.38","87.6"
"Kaprielian, James",621076,2022,"26",".239","4.23","88.4"
"Berríos, José",621244,2022,"32",".288","5.23","90"
"Wood, Alex",622072,2022,"26",".262","5.10","88.6"
"Castillo, Luis",622491,2022,"25",".212","2.99","89"
"Flexen, Chris",623167,2022,"33",".250","3.73","89.1"
"Suárez, Ranger",624133,2022,"29",".249","3.65","87.5"
"Urías, Julio",628711,2022,"31",".199","2.16","86.7"
"Manaea, Sean",640455,2022,"30",".254","4.96","90.3"
"López, Pablo",641154,2022,"32",".234","3.75","87.9"
"Cortes Jr., Nestor",641482,2022,"28",".189","2.44","87.9"
"Dunning, Dane",641540,2022,"29",".268","4.46","87.9"
"Hudson, Dakota",641712,2022,"27",".273","4.45","89"
"Keller, Brad",641745,2022,"35",".277","5.09","89.3"
"Kuhl, Chad",641771,2022,"27",".284","5.72","90.5"
"Lauer, Eric",641778,2022,"29",".228","3.69","88.8"
"Mahle, Tyler",641816,2022,"23",".230","4.40","88.7"
"Alcantara, Sandy",645261,2022,"32",".212","2.28","87.8"
"Cease, Dylan",656302,2022,"32",".190","2.20","86.8"
"Keller, Mitch",656605,2022,"31",".266","3.91","87.9"
"Montgomery, Jordan",656756,2022,"32",".235","3.48","88.5"
"Rasmussen, Drew",656876,2022,"28",".222","2.84","88.9"
"Steele, Justin",657006,2022,"24",".244","3.18","87.1"
"Wright, Kyle",657140,2022,"30",".232","3.19","89"
"Otto Jr., Glenn",657248,2022,"27",".236","4.64","89"
"Webb, Logan",657277,2022,"32",".240","2.90","88.9"
"Ryan, Joe",657746,2022,"27",".211","3.55","88.2"
"Ohtani, Shohei",660271,2022,"28",".203","2.33","87.1"
"Bubic, Kris",663460,2022,"28",".306","5.58","90"
"McKenzie, Triston",663474,2022,"31",".201","2.96","90.2"
"McClanahan, Shane",663556,2022,"28",".194","2.54","87.6"
"Lynch IV, Daniel",663738,2022,"27",".290","5.13","91.2"
"Sandoval, Patrick",663776,2022,"27",".246","2.91","87.3"
"Singer, Brady",663903,2022,"27",".246","3.23","89.3"
"Brubaker, JT",664141,2022,"28",".271","4.69","89.6"
"Valdez, Framber",664285,2022,"31",".223","2.82","89.8"
"Javier, Cristian",664299,2022,"30",".170","2.54","88.4"
"Urquidy, José",664353,2022,"29",".244","3.94","89.7"
"Kremer, Dean",665152,2022,"22",".262","3.23","88.4"
"Manoah, Alek",666201,2022,"31",".202","2.24","87.5"
"Plesac, Zach",668676,2022,"25",".260","4.31","89.5"
"Gallen, Zac",668678,2022,"31",".186","2.54","87.8"
"Greene, Hunter",668881,2022,"24",".222","4.44","89.7"
"Wilson, Bryse",669060,2022,"25",".287","5.52","90.9"
"Burnes, Corbin",669203,2022,"33",".197","2.94","87.2"
"Gilbert, Logan",669302,2022,"32",".242","3.20","91"
"Bieber, Shane",669456,2022,"31",".230","2.88","89.9"
"Kirby, George",669923,2022,"25",".264","3.39","89.3"
"Detmers, Reid",672282,2022,"25",".231","3.77","89.3"
"Strider, Spencer",675911,2022,"31",".180","2.67","88"
"Garcia, Luis",677651,2022,"28",".222","3.72","88.4"
"Gray, Josiah",680686,2022,"28",".239","5.02","87.4"
"Bradish, Kyle",680694,2022,"23",".265","4.90","89.9"
"Greinke, Zack",425844,2023,"30",".282","5.06","89.6"
"Verlander, Justin",434378,2023,"27",".226","3.22","90"
"Hill, Rich",448179,2023,"32",".281","5.41","89.4"
"Morton, Charlie",450203,2023,"30",".244","3.64","88.9"
"Scherzer, Max",453286,2023,"27",".221","3.77","88.5"
"Lynn, Lance",458681,2023,"32",".259","5.73","88.7"
"Kershaw, Clayton",477132,2023,"24",".209","2.46","89"
"Gibson, Kyle",502043,2023,"33",".270","4.73","89.7"
"Cobb, Alex",502171,2023,"28",".272","3.87","89.8"
"Darvish, Yu",506433,2023,"24",".259","4.56","88.4"
"Kelly, Merrill",518876,2023,"30",".222","3.29","89.6"
"Pérez, Martín",527048,2023,"35",".274","4.45","89"
"Anderson, Tyler",542881,2023,"27",".266","5.43","87"
"Cole, Gerrit",543037,2023,"33",".206","2.63","89.2"
"Eovaldi, Nathan",543135,2023,"25",".225","3.63","88.9"
"Gray, Sonny",543243,2023,"32",".226","2.79","89.1"
"Hendricks, Kyle",543294,2023,"24",".255","3.74","85.2"
"Lyles, Jordan",543475,2023,"31",".255","6.28","89"
"Lorenzen, Michael",547179,2023,"29",".243","4.18","90"
"Wheeler, Zack",554430,2023,"32",".229","3.61","86.9"
"Corbin, Patrick",571578,2023,"32",".293","5.20","90.7"
"Heaney, Andrew",571760,2023,"34",".251","4.15","90.1"
"Mikolas, Miles",571945,2023,"35",".282","4.78","90.4"
"Stroman, Marcus",573186,2023,"27",".231","3.95","90.3"
"Kikuchi, Yusei",579328,2023,"32",".255","3.86","90.5"
"Gausman, Kevin",592332,2023,"31",".233","3.16","89.4"
"Gray, Jon",592351,2023,"29",".256","4.12","89.4"
"Smyly, Drew",592767,2023,"41",".265","5.00","87.6"
"Taillon, Jameson",592791,2023,"30",".258","4.84","88.3"
"Walker, Taijuan",592836,2023,"31",".238","4.38","89.1"
"Williams, Trevor",592866,2023,"30",".300","5.55","88.3"
"Rodriguez, Eduardo",593958,2023,"26",".227","3.30","88.6"
"Weaver, Luke",596133,2023,"29",".301","6.40","89.3"
"Gomber, Austin",596295,2023,"27",".297","5.50","90.5"
"Pivetta, Nick",601713,2023,"38",".208","4.04","90.5"
"Bassitt, Chris",605135,2023,"33",".235","3.60","87.5"
"Clevinger, Mike",605182,2023,"24",".244","3.77","88.1"
"Nola, Aaron",605400,2023,"32",".240","4.46","89.3"
"Snell, Blake",605483,2023,"32",".181","2.25","87.2"
"Rea, Colin",607067,2023,"26",".235","4.55","90.4"
"Freeland, Kyle",607536,2023,"29",".300","5.03","90.2"
"Lugo, Seth",607625,2023,"26",".249","3.57","90.7"
"Giolito, Lucas",608337,2023,"33",".240","4.88","89.2"
"Wacha, Michael",608379,2023,"24",".224","3.22","88.1"
"Eflin, Zach",621107,2023,"31",".235","3.50","87.5"
"Berríos, José",621244,2023,"32",".241","3.65","88.2"
"Castillo, Luis",622491,2023,"33",".218","3.34","90"
"Suárez, Ranger",624133,2023,"22",".267","4.18","87.8"
"López, Pablo",641154,2023,"32",".238","3.66","87.1"
"Dunning, Dane",641540,2023,"35",".250","3.70","88.8"
"France, J.P.",641585,2023,"24",".263","3.83","89.6"
"Ober, Bailey",641927,2023,"26",".232","3.43","88.2"
"Peralta, Freddy",642547,2023,"30",".212","3.86","87.6"
"Alcantara, Sandy",645261,2023,"28",".251","4.14","88.8"
"Civale, Aaron",650644,2023,"23",".235","3.46","89"
"Canning, Griffin",656288,2023,"24",".245","4.32","91"
"Cease, Dylan",656302,2023,"33",".250","4.58","90"
"Flaherty, Jack",656427,2023,"29",".287","4.99","87.9"
"Keller, Mitch",656605,2023,"32",".249","4.21","87.7"
"Kopech, Michael",656629,2023,"30",".238","5.43","90.3"
"Megill, Tylor",656731,2023,"25",".282","4.70","89.8"
"Montgomery, Jordan",656756,2023,"32",".247","3.20","88.3"
"Steele, Justin",657006,2023,"30",".251","3.06","87.8"
"Webb, Logan",657277,2023,"33",".248","3.25","90.7"
"Schmidt, Clarke",657376,2023,"33",".268","4.64","89.2"
"Ryan, Joe",657746,2023,"29",".248","4.51","90"
"Ohtani, Shohei",660271,2023,"23",".184","3.14","86.4"
"Irvin, Jake",663623,2023,"24",".255","4.61","90.4"
"Sandoval, Patrick",663776,2023,"28",".256","4.11","87.6"
"Singer, Brady",663903,2023,"29",".287","5.52","91"
"Valdez, Framber",664285,2023,"31",".228","3.45","91.5"
"Javier, Cristian",664299,2023,"31",".234","4.56","89.1"
"Kremer, Dean",665152,2023,"32",".254","4.12","89.7"
"Garrett, Braxton",666129,2023,"31",".250","3.66","90.2"
"Luzardo, Jesús",666200,2023,"32",".239","3.58","89.5"
"Gallen, Zac",668678,2023,"34",".238","3.47","91.5"
"Ashcraft, Graham",668933,2023,"26",".265","4.76","88.4"
"Gore, MacKenzie",669022,2023,"27",".258","4.42","89.9"
"Nelson, Ryne",669194,2023,"29",".284","5.31","90.8"
"Burnes, Corbin",669203,2023,"32",".200","3.39","86.4"
"Gilbert, Logan",669302,2023,"32",".233","3.73","90.5"
"Bieber, Shane",669456,2023,"21",".253","3.80","91.6"
"Kirby, George",669923,2023,"31",".246","3.35","89.2"
"Oviedo, Johan",670912,2023,"32",".237","4.31","88.6"
"Allen, Logan",671106,2023,"24",".263","3.81","88.9"
"Detmers, Reid",672282,2023,"28",".248","4.48","89.8"
"Senga, Kodai",673540,2023,"29",".208","2.98","89"
"Strider, Spencer",675911,2023,"32",".210","3.86","88.5"
"Miller, Bobby",676272,2023,"22",".226","3.76","88.3"
"Bibee, Tanner",676440,2023,"25",".230","2.98","88.9"
"Sears, JP",676664,2023,"32",".249","4.54","88.6"
"Crawford, Kutter",676710,2023,"31",".221","4.04","87.8"
"Bello, Brayan",678394,2023,"28",".270","4.24","89.5"
"Rodriguez, Grayson",680570,2023,"23",".259","4.35","89.8"
"Gray, Josiah",680686,2023,"30",".251","3.91","87.6"
"Bradish, Kyle",680694,2023,"30",".215","2.83","90"
"Miller, Bryce",682243,2023,"25",".248","4.32","90.7"
"Waldichuk, Ken",686610,2023,"35",".271","5.36","88.3"
"Brown, Hunter",686613,2023,"31",".262","5.09","90.8"
"Elder, Bryce",693821,2023,"31",".245","3.81","89.9"
"Morton, Charlie",450203,2024,"30",".251","4.19","88.7"
"Lynn, Lance",458681,2024,"23",".247","3.84","88.9"
"Quintana, Jose",500779,2024,"31",".237","3.75","88"
"Gibson, Kyle",502043,2024,"30",".251","4.24","88.2"
"Sale, Chris",519242,2024,"29",".216","2.38","86.5"
"Pérez, Martín",527048,2024,"26",".283","4.53","89"
"Anderson, Tyler",542881,2024,"31",".232","3.81","87.2"
"Eovaldi, Nathan",543135,2024,"29",".229","3.80","89.3"
"Gray, Sonny",543243,2024,"28",".228","3.84","89.6"
"Hendricks, Kyle",543294,2024,"29",".286","5.92","85.9"
"Suárez, Albert",544150,2024,"32",".255","3.70","88.8"
"Lorenzen, Michael",547179,2024,"26",".216","3.31","88.5"
"Wheeler, Zack",554430,2024,"32",".192","2.57","86.5"
"Corbin, Patrick",571578,2024,"32",".298","5.62","90.8"
"Heaney, Andrew",571760,2024,"32",".251","4.28","89.6"
"Mikolas, Miles",571945,2024,"32",".284","5.35","88.8"
"Stroman, Marcus",573186,2024,"30",".277","4.31","89.3"
"Kikuchi, Yusei",579328,2024,"32",".245","4.05","90.1"
"Gausman, Kevin",592332,2024,"31",".238","3.83","90.2"
"Taillon, Jameson",592791,2024,"28",".243","3.27","89.7"
"Montas, Frankie",593423,2024,"30",".243","4.84","89.3"
"Lively, Ben",594902,2024,"29",".241","3.81","90.2"
"Gomber, Austin",596295,2024,"30",".273","4.75","90.2"
"Pivetta, Nick",601713,2024,"27",".231","4.14","89.4"
"Bassitt, Chris",605135,2024,"31",".270","4.16","87.8"
"Nola, Aaron",605400,2024,"33",".247","3.57","88.5"
"Rea, Colin",607067,2024,"32",".258","4.29","90.4"
"Rodón, Carlos",607074,2024,"32",".235","3.96","90.4"
"Glasnow, Tyler",607192,2024,"22",".190","3.49","89"
"Fedde, Erick",607200,2024,"31",".233","3.30","88.6"
"Martinez, Nick",607259,2024,"42",".237","3.10","86.4"
"Lugo, Seth",607625,2024,"33",".229","3.00","88.5"
"Fried, Max",608331,2024,"29",".226","3.25","86.3"
"Wacha, Michael",608379,2024,"29",".246","3.35","86.9"
"Quantrill, Cal",615698,2024,"29",".273","4.98","89.1"
"Eflin, Zach",621107,2024,"28",".254","3.59","88.1"
"Berríos, José",621244,2024,"32",".235","3.60","89.6"
"Castillo, Luis",622491,2024,"30",".238","3.64","89.7"
"Severino, Luis",622663,2024,"31",".243","3.91","87.1"
"Flexen, Chris",623167,2024,"33",".283","4.95","88.7"
"Suárez, Ranger",624133,2024,"27",".243","3.46","86.9"
"López, Reynaldo",625643,2024,"26",".220","1.99","89.8"
"Manaea, Sean",640455,2024,"32",".202","3.47","88.6"
"López, Pablo",641154,2024,"32",".252","4.08","87.9"
"Cortes Jr., Nestor",641482,2024,"31",".245","3.77","89.7"
"Littell, Zack",641793,2024,"29",".265","3.63","89.3"
"Ober, Bailey",641927,2024,"31",".208","3.98","87.5"
"Peralta, Freddy",642547,2024,"32",".224","3.68","87.6"
"King, Michael",650633,2024,"31",".221","2.95","85.7"
"Civale, Aaron",650644,2024,"31",".252","4.36","89.4"
"Sánchez, Cristopher",650911,2024,"31",".258","3.32","87.4"
"Canning, Griffin",656288,2024,"32",".265","5.19","90.5"
"Cease, Dylan",656302,2024,"33",".200","3.47","89"
"Flaherty, Jack",656427,2024,"28",".223","3.17","88.4"
"Houck, Tanner",656557,2024,"30",".231","3.12","89.4"
"Keller, Mitch",656605,2024,"31",".261","4.25","88.8"
"Montgomery, Jordan",656756,2024,"25",".312","6.23","88.6"
"Peterson, David",656849,2024,"21",".243","2.90","89.3"
"Steele, Justin",657006,2024,"24",".219","3.07","86.9"
"Webb, Logan",657277,2024,"33",".258","3.47","89.8"
"Ryan, Joe",657746,2024,"23",".217","3.60","88.3"
"Gil, Luis",661563,2024,"29",".189","3.50","89.3"
"Waldron, Matt",663362,2024,"27",".255","4.91","88.1"
"Feltner, Ryan",663372,2024,"30",".263","4.49","88.1"
"Falter, Bailey",663559,2024,"28",".260","4.43","90.1"
"Irvin, Jake",663623,2024,"33",".244","4.41","88.8"
"Singer, Brady",663903,2024,"32",".253","3.71","88.9"
"Valdez, Framber",664285,2024,"28",".221","2.91","90.2"
"Kremer, Dean",665152,2024,"24",".223","4.10","87.4"
"Assad, Javier",665871,2024,"29",".254","3.73","89.1"
"Ragans, Cole",666142,2024,"32",".213","3.14","88.3"
"Gallen, Zac",668678,2024,"28",".237","3.65","90"
"Greene, Hunter",668881,2024,"26",".183","2.75","87.3"
"Myers, Tobias",668964,2024,"27",".242","3.00","89.8"
"Gore, MacKenzie",669022,2024,"32",".263","3.90","88"
"Nelson, Ryne",669194,2024,"28",".266","4.24","90.1"
"Burnes, Corbin",669203,2024,"32",".226","2.92","87.5"
"Gilbert, Logan",669302,2024,"33",".196","3.23","89.6"
"Skubal, Tarik",669373,2024,"31",".201","2.39","87.5"
"Rogers, Trevor",669432,2024,"25",".285","4.92","90.7"
"Pallante, Andre",669467,2024,"29",".240","3.78","87.4"
"Blanco, Ronel",669854,2024,"30",".190","2.80","88.7"
"Kirby, George",669923,2024,"33",".245","3.53","89"
"Abbott, Andrew",671096,2024,"25",".240","3.72","88.2"
"Bradley, Taj",671737,2024,"25",".235","4.11","91.2"
"Bibee, Tanner",676440,2024,"31",".230","3.47","88.4"
"Sears, JP",676664,2024,"32",".251","4.38","89.3"
"Crawford, Kutter",676710,2024,"33",".223","4.36","88.4"
"Crochet, Garrett",676979,2024,"32",".222","3.58","88.3"
"Bello, Brayan",678394,2024,"30",".252","4.49","88.5"
"Marsh, Alec",679525,2024,"26",".249","4.53","89.7"
"Woods Richardson, Simeon",680573,2024,"28",".246","4.17","88.4"
"Parker, Mitchell",680730,2024,"29",".259","4.29","89.6"
"Arrighetti, Spencer",681293,2024,"29",".250","4.53","88.9"
"Miller, Bryce",682243,2024,"31",".200","2.94","90.3"
"Ortiz, Luis",682847,2024,"37",".218","3.32","89"
"Jones, Jared",683003,2024,"22",".232","4.14","89.6"
"Estes, Joey",683155,2024,"25",".259","5.01","89.5"
"Imanaga, Shota",684007,2024,"29",".225","2.91","88.6"
"Cannon, Jonathan",686563,2024,"23",".263","4.49","89"
"Brown, Hunter",686613,2024,"31",".242","3.49","86.2"
"Pepiot, Ryan",686752,2024,"26",".212","3.60","89.3"
"Spence, Mitch",687765,2024,"35",".276","4.58","89.5"
"Harrison, Kyle",690986,2024,"24",".263","4.56","90.7"
"Pfaadt, Brandon",694297,2024,"32",".259","4.71","89.4"
"Stone, Gavin",694813,2024,"25",".248","3.53","88.2"
"Skenes, Paul",694973,2024,"23",".198","1.96","87.8"